ユーザー表示名,ユーザーID,リツイートID,時間
999toriko,1123063495203770369,1329674441840738304,Fri Nov 20 06:34:25 +0000 2020
x21kky,4724205716,1329668664732258311,Fri Nov 20 06:11:28 +0000 2020
amanesuzuha2011,867646883811868672,1329545359345913857,Thu Nov 19 22:01:30 +0000 2020
bbplasu,1264382275925364736,1329543887682093058,Thu Nov 19 21:55:39 +0000 2020
xuxuhhhh,1169108540490801152,1329485622621339648,Thu Nov 19 18:04:07 +0000 2020
naojanken,1682712355,1329471398071267334,Thu Nov 19 17:07:36 +0000 2020
Mukapex_0906,1287334957153624064,1329453608849575942,Thu Nov 19 15:56:55 +0000 2020
black_cloverX,1208016405372665856,1329452354945642509,Thu Nov 19 15:51:56 +0000 2020
Not_ayaponn,1091613865111052288,1329437486028906506,Thu Nov 19 14:52:51 +0000 2020
masharoom21,1243352090337927168,1329437473919930368,Thu Nov 19 14:52:48 +0000 2020
Nck95vFew7Kwbv3,1266260782473334785,1329437229048082435,Thu Nov 19 14:51:49 +0000 2020
Ruru_ma_o,1132326627470274560,1329434887066165248,Thu Nov 19 14:42:31 +0000 2020
znqg_,1171704369504407552,1329432662818295809,Thu Nov 19 14:33:41 +0000 2020
Himekotw1,1254410856303144966,1329423593806163969,Thu Nov 19 13:57:38 +0000 2020
ud_rVo_I,1191240057857855489,1329416025037684738,Thu Nov 19 13:27:34 +0000 2020
Ginryu18,1084682612348612608,1329415276488663041,Thu Nov 19 13:24:35 +0000 2020
besurei_7,165678833,1329414007334215680,Thu Nov 19 13:19:33 +0000 2020
uu1URBTq5hqmsJq,1277189567271985157,1329405614850674688,Thu Nov 19 12:46:12 +0000 2020
Butly_,1120376465902559232,1329401671672160256,Thu Nov 19 12:30:32 +0000 2020
_Makototaro,1099793390437203973,1329395834945826819,Thu Nov 19 12:07:20 +0000 2020
hiroto_im,3141122892,1329392838937743360,Thu Nov 19 11:55:26 +0000 2020
a24sh01,977537640244195333,1329384406662803458,Thu Nov 19 11:21:55 +0000 2020
hacandayo,2291825076,1329379408465936387,Thu Nov 19 11:02:04 +0000 2020
Dot1608,1059047397785952257,1329378608951951361,Thu Nov 19 10:58:53 +0000 2020
NNagisaA_A,1294612036400242690,1329377107512737794,Thu Nov 19 10:52:55 +0000 2020
hal_FPP,860158931481407488,1329376822568517633,Thu Nov 19 10:51:47 +0000 2020
581875,771923570188517376,1329372219810594816,Thu Nov 19 10:33:30 +0000 2020
RarLify_,801013068008341504,1329371534721355776,Thu Nov 19 10:30:47 +0000 2020
ikusu5689,3071665777,1329371068612526081,Thu Nov 19 10:28:55 +0000 2020
nakkunn2001,905439866309054464,1329369289313243137,Thu Nov 19 10:21:51 +0000 2020
KENTA33369,1223684980376629248,1329368827684032513,Thu Nov 19 10:20:01 +0000 2020
univ_784,1635259542,1329368274635612164,Thu Nov 19 10:17:49 +0000 2020
drink33_pcgame,717956504079314944,1329365961787359235,Thu Nov 19 10:08:38 +0000 2020
fcVtdLiF52YEcun,1176141337650855936,1329365807428562944,Thu Nov 19 10:08:01 +0000 2020
Kusomegane_Fn,1276817649868009472,1329365277344104450,Thu Nov 19 10:05:55 +0000 2020
Ace_Futabake,918038950874308609,1329365088650756098,Thu Nov 19 10:05:10 +0000 2020
syn_dddot,1672060344,1329363491547877376,Thu Nov 19 09:58:49 +0000 2020
mireito_mireito,874295157817868288,1329363399520649216,Thu Nov 19 09:58:27 +0000 2020
BAKUGA2004,1084503874382123008,1329362835449679878,Thu Nov 19 09:56:12 +0000 2020
g99j_,1240131084567879680,1329361425739833344,Thu Nov 19 09:50:36 +0000 2020
rouge_mercede,1001311483500806145,1329357094542184450,Thu Nov 19 09:33:24 +0000 2020
F5TRXK3u8vzQ4h6,1280471088518987776,1329356607772270599,Thu Nov 19 09:31:28 +0000 2020
417rrrrrrrr,1227980923477475329,1329356226346434571,Thu Nov 19 09:29:57 +0000 2020
GASUTO_1357,1152442490542145536,1329354925663346689,Thu Nov 19 09:24:47 +0000 2020
altria0825,716898421672517632,1329354373793628161,Thu Nov 19 09:22:35 +0000 2020
korosyu1119,758181603596271616,1329353798838415361,Thu Nov 19 09:20:18 +0000 2020
nishicyanneru48,985372514644738048,1329352537388945413,Thu Nov 19 09:15:17 +0000 2020
naokumi46,895668829480562694,1329352033162330112,Thu Nov 19 09:13:17 +0000 2020
chamako_1127,857590169637052416,1329349612289748992,Thu Nov 19 09:03:40 +0000 2020
Huurin_windbell,1173928232761970689,1329349005021626368,Thu Nov 19 09:01:15 +0000 2020
Beniichidesu,1253650692259995648,1329347265056522242,Thu Nov 19 08:54:20 +0000 2020
Remi9X__,1206931534860582920,1329346960231337985,Thu Nov 19 08:53:08 +0000 2020
Yuu_Razer,881704692241252352,1329346224307138561,Thu Nov 19 08:50:12 +0000 2020
Harleen_129,762464003939373057,1329345833381339136,Thu Nov 19 08:48:39 +0000 2020
pso2019,879714475858739202,1329345566891941888,Thu Nov 19 08:47:35 +0000 2020
juf7738,966990741338648576,1329344389936627712,Thu Nov 19 08:42:55 +0000 2020
syake_2233,826271928465776640,1329343473074405376,Thu Nov 19 08:39:16 +0000 2020
Persia__srnq,1284126614717005824,1329343411699150848,Thu Nov 19 08:39:02 +0000 2020
Namatyan_,972105241637281795,1329342614965952516,Thu Nov 19 08:35:52 +0000 2020
halvlt,1287304470380941312,1329341944959365121,Thu Nov 19 08:33:12 +0000 2020
wolf_slugger,977475276,1329341892551602177,Thu Nov 19 08:32:59 +0000 2020
kasumi_ashizawa,550214278,1329341706504871937,Thu Nov 19 08:32:15 +0000 2020
k000001,57327121,1329341335841640448,Thu Nov 19 08:30:47 +0000 2020
AxNyxn,1032640015610728449,1329341237392863234,Thu Nov 19 08:30:23 +0000 2020
est_asuka,2191040744,1329341078185525248,Thu Nov 19 08:29:45 +0000 2020
Quqtro_,1090135990482530304,1329338176196931586,Thu Nov 19 08:18:13 +0000 2020
vol_rzr,1248190659753738240,1329337951025733632,Thu Nov 19 08:17:20 +0000 2020
matiRini,1021354574379069440,1329337929878048768,Thu Nov 19 08:17:15 +0000 2020
saitama_wwwwww,972731628085587974,1329337843664056321,Thu Nov 19 08:16:54 +0000 2020
noncat_,930232913576189952,1329337790908153856,Thu Nov 19 08:16:41 +0000 2020
taki_Razer,2611726645,1329337731500044289,Thu Nov 19 08:16:27 +0000 2020
RuNA_0R,1193718682775519232,1329337711795191809,Thu Nov 19 08:16:23 +0000 2020
oryzai_69,723858910138900483,1329337448824930304,Thu Nov 19 08:15:20 +0000 2020
Va0da3WixteTYpd,1255127687321935878,1329336612786896896,Thu Nov 19 08:12:01 +0000 2020
komikomimi,182654461,1329336509875384323,Thu Nov 19 08:11:36 +0000 2020
teketeketaka,181140376,1329336486223745024,Thu Nov 19 08:11:30 +0000 2020
TENCYOU5,1218707252170784768,1329336350428913666,Thu Nov 19 08:10:58 +0000 2020
vk_k69,1156402529787244544,1329336074645094403,Thu Nov 19 08:09:52 +0000 2020
SkyLine_ykS,2944561291,1329335793823879170,Thu Nov 19 08:08:45 +0000 2020
penguin_r1014ev,3615443358,1329335087633108992,Thu Nov 19 08:05:57 +0000 2020
Greed_KK,1300353885127622658,1329334433325826050,Thu Nov 19 08:03:21 +0000 2020
t0808tatsuya,3390000580,1329334174931509250,Thu Nov 19 08:02:19 +0000 2020
IRAFU_ATENA,973108791666339840,1329333949596803072,Thu Nov 19 08:01:26 +0000 2020
teru_teruGAME,857231268022439936,1329333862774697984,Thu Nov 19 08:01:05 +0000 2020
Rino1404,1236824734291001344,1329333793216372736,Thu Nov 19 08:00:48 +0000 2020
THOUZER108,456475302,1329333716087291907,Thu Nov 19 08:00:30 +0000 2020
noyafps,1165659936556081153,1329333684600672256,Thu Nov 19 08:00:22 +0000 2020
yamada_tmt,1275808784263180288,1329333381990023168,Thu Nov 19 07:59:10 +0000 2020
tantikikaede,786751189371060228,1329333081468145664,Thu Nov 19 07:57:59 +0000 2020
johnnymongara,122500517,1329332431694905344,Thu Nov 19 07:55:24 +0000 2020
marugototomato,4156410860,1329332199506677760,Thu Nov 19 07:54:28 +0000 2020
ilovefate37,2789457864,1329332060125728768,Thu Nov 19 07:53:55 +0000 2020
a10y16,2481850592,1329332024746729473,Thu Nov 19 07:53:47 +0000 2020
KNA_Game,2723852971,1329331871285612544,Thu Nov 19 07:53:10 +0000 2020
sinyamato1,3271010372,1329331585674428416,Thu Nov 19 07:52:02 +0000 2020
kotetu_DD_NY,839795233147633664,1329331349472198657,Thu Nov 19 07:51:06 +0000 2020
_bell0215,959810413536845829,1329331298222055424,Thu Nov 19 07:50:53 +0000 2020
mafura_niki,866924070368985089,1329330997976989696,Thu Nov 19 07:49:42 +0000 2020
_haru_me_,1300782492484468737,1329330970613346311,Thu Nov 19 07:49:35 +0000 2020
iincho_0612,756848370757410816,1329330928217251840,Thu Nov 19 07:49:25 +0000 2020
von_myfair,809995983673290752,1329330857190932480,Thu Nov 19 07:49:08 +0000 2020
Supika33,83835297,1329330823342956544,Thu Nov 19 07:49:00 +0000 2020
barandesune,228000704,1329330689871790080,Thu Nov 19 07:48:28 +0000 2020
seezet007,1103799292643299328,1329330663544111109,Thu Nov 19 07:48:22 +0000 2020
AKNEKO_ANO,753071424110145536,1329330606354755585,Thu Nov 19 07:48:08 +0000 2020
ManyManyCorn,2267645214,1329330433964666880,Thu Nov 19 07:47:27 +0000 2020
kazumari1336,2268750866,1329330326145941504,Thu Nov 19 07:47:02 +0000 2020
parochan1224,874106154804158464,1329330177025863681,Thu Nov 19 07:46:26 +0000 2020
bireiku_pdlnC,967771105531326466,1329330161020329985,Thu Nov 19 07:46:22 +0000 2020
dayzun_P,1028669650144350209,1329330159439077376,Thu Nov 19 07:46:22 +0000 2020
aiko09_YTjp,1120948670625538048,1329330128053145601,Thu Nov 19 07:46:14 +0000 2020
leeds_bb,445219640,1329330087372591105,Thu Nov 19 07:46:05 +0000 2020
jun009a,2176845564,1329330054619303936,Thu Nov 19 07:45:57 +0000 2020
alexei101h,1619987910,1329329942534909952,Thu Nov 19 07:45:30 +0000 2020
yukkri_sinya,1223596796972163072,1329329921588486144,Thu Nov 19 07:45:25 +0000 2020
t4kut4ku,2537532373,1329329891960000512,Thu Nov 19 07:45:18 +0000 2020
XXXG__01D,1232619402136182787,1329329889984405504,Thu Nov 19 07:45:18 +0000 2020
papanopan2,2976994970,1329329832216334336,Thu Nov 19 07:45:04 +0000 2020
sinkirou4,2317122990,1329329830542811136,Thu Nov 19 07:45:04 +0000 2020
aytnu,1040226479127162881,1329329820967129089,Thu Nov 19 07:45:01 +0000 2020
nerrog_blog,1088435771030163456,1329329782379618304,Thu Nov 19 07:44:52 +0000 2020
BestFriendlyADC,984933520895197184,1329329743074717698,Thu Nov 19 07:44:43 +0000 2020
haseo_1205desu,2904425508,1329329737651556352,Thu Nov 19 07:44:41 +0000 2020
Ciao_Churu_Umai,1176191255237160960,1329329673197690881,Thu Nov 19 07:44:26 +0000 2020
auge101,1121620674,1329329664641273856,Thu Nov 19 07:44:24 +0000 2020
bec518,2742130506,1329329649592111105,Thu Nov 19 07:44:20 +0000 2020
rinrin_TAIZAI,972693771908362240,1329329603526021120,Thu Nov 19 07:44:09 +0000 2020
Latte_Mochaaa,728647036195610624,1329329595191967744,Thu Nov 19 07:44:07 +0000 2020
ユーザー表示名,ユーザーID,リツイートID,時間
ユーザー表示名,ユーザーID,リツイートID,時間
shunsoku_hayai,1104378168889102336,1339042470366068736,Wed Dec 16 02:59:37 +0000 2020
